"","name","accept_rate","Outstate","Enroll","Grad.Rate","Private","isElite"
"1","Abilene Christian University",0.742168674698795,7440,721,60,"Yes","Not Elite"
"2","Adelphi University",0.880146386093321,12280,512,56,"Yes","Not Elite"
"3","Adrian College",0.768207282913165,11250,336,54,"Yes","Not Elite"
"4","Agnes Scott College",0.836930455635492,12960,137,59,"Yes","Elite"
"5","Alaska Pacific University",0.756476683937824,7560,55,15,"Yes","Not Elite"
"6","Albertson College",0.816013628620102,13500,158,55,"Yes","Not Elite"
"7","Albertus Magnus College",0.963172804532578,13290,103,63,"Yes","Not Elite"
"8","Albion College",0.905739863085835,13868,489,73,"Yes","Not Elite"
"9","Albright College",0.808285163776493,15595,227,80,"Yes","Not Elite"
"10","Alderson-Broaddus College",0.855670103092783,10468,172,52,"Yes","Not Elite"
"11","Alfred University",0.822748267898383,16548,472,73,"Yes","Not Elite"
"12","Allegheny College",0.716440422322775,17080,484,76,"Yes","Not Elite"
"13","Allentown Coll. of St. Francis de Sales",0.661577608142494,9690,290,74,"Yes","Not Elite"
"14","Alma College",0.85240726124704,12572,385,68,"Yes","Not Elite"
"15","Alverno College",0.633603238866397,8352,157,55,"Yes","Not Elite"
"16","American International College",0.769718309859155,8700,220,69,"Yes","Not Elite"
"17","Amherst College",0.230590423059042,19760,418,100,"Yes","Elite"
"18","Anderson University",0.746710526315789,10100,423,59,"Yes","Not Elite"
"19","Andrews University",0.623008849557522,9996,322,46,"Yes","Not Elite"
"20","Angelo State University",0.565254237288136,5130,1016,34,"No","Not Elite"
"21","Antioch University",0.927068723702665,15476,252,48,"Yes","Not Elite"
"22","Appalachian State University",0.63776835771913,6806,1910,70,"No","Not Elite"
"23","Aquinas College",0.833602584814216,11208,219,65,"Yes","Not Elite"
"24","Arizona State University Main campus",0.804746662502928,7434,3761,48,"No","Not Elite"
"25","Arkansas College (Lyon College)",0.471751412429379,8644,166,54,"Yes","Not Elite"
"26","Arkansas Tech University",0.997116493656286,3460,951,48,"No","Not Elite"
"27","Assumption College",0.796252927400468,12000,491,88,"Yes","Not Elite"
"28","Auburn University-Main Campus",0.899708532061473,6300,3070,69,"No","Not Elite"
"29","Augsburg College",0.774924471299094,11902,257,58,"Yes","Not Elite"
"30","Augustana College IL",0.882384246939862,13353,497,71,"Yes","Not Elite"
"31","Augustana College",0.9526938239159,10990,306,69,"Yes","Not Elite"
"32","Austin College",0.841772151898734,11280,295,71,"Yes","Not Elite"
"33","Averett College",0.886762360446571,9925,172,48,"Yes","Not Elite"
"34","Baker University",0.802325581395349,8620,206,65,"Yes","Not Elite"
"35","Baldwin-Wallace College",0.808284023668639,10995,662,85,"Yes","Not Elite"
"36","Barat College",0.735632183908046,9690,111,71,"Yes","Not Elite"
"37","Bard College",0.438743455497382,19264,285,79,"Yes","Not Elite"
"38","Barnard College",0.561698717948718,17926,531,91,"Yes","Elite"
"39","Barry University",0.791919191919192,11290,279,72,"Yes","Not Elite"
"40","Baylor University",0.880493827160494,6450,2367,72,"Yes","Not Elite"
"41","Beaver College",0.730868443680138,12850,348,73,"Yes","Not Elite"
"42","Bellarmine College",0.876084262701363,8840,308,84,"Yes","Not Elite"
"43","Belmont Abbey College",0.781645569620253,9000,129,52,"Yes","Not Elite"
"44","Belmont University",0.798360655737705,7800,481,49,"Yes","Not Elite"
"45","Beloit College",0.699242424242424,16304,284,69,"Yes","Not Elite"
"46","Bemidji State University",0.725993377483444,4425,546,46,"No","Not Elite"
"47","Benedictine College",0.981012658227848,9550,222,58,"Yes","Not Elite"
"48","Bennington College",0.630057803468208,21700,114,55,"Yes","Not Elite"
"49","Bentley College",0.672244662435084,13800,640,82,"Yes","Not Elite"
"50","Berry College",0.657158234660926,8050,480,63,"Yes","Not Elite"
"51","Bethany College",0.929384965831435,8740,200,48,"Yes","Not Elite"
"52","Bethel College KS",0.910891089108911,8540,122,56,"Yes","Not Elite"
"53","Bethel College",0.764940239043825,6200,104,35,"Yes","Not Elite"
"54","Bethune Cookman College",0.698663426488457,5188,542,58,"Yes","Not Elite"
"55","Birmingham-Southern College",0.730434782608696,11660,287,72,"Yes","Elite"
"56","Blackburn College",0.672,6500,156,51,"Yes","Not Elite"
"57","Bloomsburg Univ. of Pennsylvania",0.447069245533737,7844,1025,75,"No","Not Elite"
"58","Bluefield College",0.949602122015915,7150,181,53,"Yes","Not Elite"
"59","Bluffton College",0.742774566473988,9900,209,58,"Yes","Not Elite"
"60","Boston University",0.644166006339144,18420,3810,72,"Yes","Not Elite"
"61","Bowdoin College",0.303635280095352,19030,418,96,"Yes","Elite"
"62","Bowling Green State University",0.792671062587828,7452,3076,67,"No","Not Elite"
"63","Bradford College",0.744920993227991,14080,151,46,"Yes","Not Elite"
"64","Bradley University",0.90629147863021,10870,1061,85,"Yes","Not Elite"
"65","Brandeis University",0.65527950310559,19380,740,84,"Yes","Not Elite"
"66","Brenau University",0.746594005449591,9592,158,49,"Yes","Not Elite"
"67","Brewton-Parker College",0.855153203342618,4371,1202,18,"Yes","Not Elite"
"68","Briar Cliff College",0.895408163265306,10260,155,58,"Yes","Not Elite"
"69","Bridgewater College",0.803102625298329,10265,292,82,"Yes","Not Elite"
"70","Brigham Young University at Provo",0.73346911065852,2340,4615,33,"Yes","Not Elite"
"71","Brown University",0.257349435881138,19528,1462,97,"Yes","Elite"
"72","Bryn Mawr College",0.552901023890785,18165,313,89,"Yes","Elite"
"73","Bucknell University",0.582315210751374,18550,862,93,"Yes","Not Elite"
"74","Buena Vista College",0.8,13306,285,78,"Yes","Not Elite"
"75","Butler University",0.862404741744284,13130,700,83,"Yes","Not Elite"
"76","Cabrini College",0.824707846410685,10518,224,71,"Yes","Not Elite"
"77","Caldwell College",0.597428288822948,8900,213,55,"Yes","Not Elite"
"78","California Lutheran University",0.438721136767318,12950,247,60,"Yes","Not Elite"
"79","California Polytechnic-San Luis",0.488669824606324,7380,1650,59,"No","Not Elite"
"80","California State University at Fresno",0.725550660792951,7706,1483,61,"No","Not Elite"
"81","Calvin College",0.847533632286996,10230,913,81,"Yes","Not Elite"
"82","Campbell University",0.641590800191663,7550,657,63,"Yes","Not Elite"
"83","Campbellsville College",0.692216981132076,6060,298,49,"Yes","Not Elite"
"84","Canisius College",0.768664563617245,10750,753,64,"Yes","Not Elite"
"85","Capital University",0.79107040641099,13050,449,83,"Yes","Not Elite"
"86","Capitol College",0.9,8400,35,52,"Yes","Not Elite"
"87","Carleton College",0.586117297698589,19292,489,91,"Yes","Elite"
"88","Carnegie Mellon University",0.59589825847846,17900,1191,74,"Yes","Elite"
"89","Carroll College",0.854310344827586,12200,352,79,"Yes","Not Elite"
"90","Carson-Newman College",0.867700729927007,8150,464,67,"Yes","Not Elite"
"91","Carthage College",0.883044554455445,13125,434,62,"Yes","Not Elite"
"92","Case Western Reserve University",0.814031467629611,15700,713,67,"Yes","Elite"
"93","Castleton State College",0.747812251392204,7656,363,79,"No","Not Elite"
"94","Catawba College",0.812557710064635,9270,291,55,"Yes","Not Elite"
"95","Catholic University of America",0.835233751425314,13712,505,75,"Yes","Not Elite"
"96","Cazenovia College",0.89238367559137,9384,527,118,"Yes","Not Elite"
"97","Cedar Crest College",0.782216494845361,14340,198,74,"Yes","Not Elite"
"98","Cedarville College",0.833970925784239,7344,616,64,"Yes","Not Elite"
"99","Centenary College",0.845528455284553,11400,90,24,"Yes","Not Elite"
"100","Centenary College of Louisiana",0.876767676767677,8950,210,66,"Yes","Not Elite"
"101","Center for Creative Studies",0.658901830282862,11230,203,47,"Yes","Not Elite"
"102","Central College",0.867498051441933,10938,401,67,"Yes","Not Elite"
"103","Central Connecticut State University",0.608946608946609,5962,902,49,"No","Not Elite"
"104","Central Missouri State University",0.876094851527451,4620,1436,50,"No","Not Elite"
"105","Central Washington University",0.722082585278277,7242,1007,51,"No","Not Elite"
"106","Central Wesleyan College",0.839080459770115,8300,88,58,"Yes","Not Elite"
"107","Centre College",0.876604146100691,11850,288,74,"Yes","Elite"
"108","Chapman University",0.803962460896767,16624,351,47,"Yes","Not Elite"
"109","Chatham College",0.929245283018868,13500,91,52,"Yes","Not Elite"
"110","Chestnut Hill College",0.742690058479532,10335,126,73,"Yes","Not Elite"
"111","Christendom College",0.888888888888889,8730,51,58,"Yes","Not Elite"
"112","Christian Brothers University",0.590909090909091,9300,224,63,"Yes","Not Elite"
"113","Christopher Newport University",0.867497168742922,7860,428,48,"No","Not Elite"
"114","Claflin College",0.582775919732441,4412,499,21,"Yes","Not Elite"
"115","Claremont McKenna College",0.412365591397849,17000,227,87,"Yes","Elite"
"116","Clark University",0.713197090405265,17500,457,79,"Yes","Not Elite"
"117","Clarke College",0.739130434782609,10740,167,74,"Yes","Not Elite"
"118","Clarkson University",0.898344066237351,15960,557,77,"Yes","Not Elite"
"119","Clemson University",0.651828890266584,8116,2301,73,"No","Not Elite"
"120","Clinch Valley Coll. of  the Univ. of Virginia",0.81422351233672,7168,250,46,"No","Not Elite"
"121","Coe College",0.737574552683897,13925,275,67,"Yes","Not Elite"
"122","Coker College",0.748344370860927,9888,295,75,"Yes","Not Elite"
"123","Colby College",0.46313202247191,18930,456,91,"Yes","Elite"
"124","Colgate University",0.513179571663921,19510,727,93,"Yes","Not Elite"
"125","College Misericordia",0.620111731843575,10860,317,96,"Yes","Not Elite"
"126","College of Charleston",0.658005029337804,6120,1265,51,"No","Not Elite"
"127","College of Mount St. Joseph",0.776942355889724,9800,238,100,"Yes","Not Elite"
"128","College of Mount St. Vincent",0.684989429175476,11790,177,83,"Yes","Not Elite"
"129","College of Notre Dame",0.767441860465116,12600,97,43,"Yes","Not Elite"
"130","College of Notre Dame of Maryland",0.778993435448578,11180,177,75,"Yes","Not Elite"
"131","College of Saint Benedict",0.921108742004264,12247,511,72,"Yes","Not Elite"
"132","College of Saint Catherine",0.804305283757339,12224,186,77,"Yes","Not Elite"
"133","College of Saint Elizabeth",0.808558558558559,10900,122,78,"Yes","Not Elite"
"134","College of Saint Rose",0.675483214649034,9990,249,64,"Yes","Not Elite"
"135","College of Santa Fe",0.818681318681319,11138,189,80,"Yes","Not Elite"
"136","College of St. Joseph",0.836879432624113,8300,55,76,"Yes","Not Elite"
"137","College of St. Scholastica",0.886904761904762,11844,278,72,"Yes","Not Elite"
"138","College of the Holy Cross",0.564796259185037,18000,659,95,"Yes","Elite"
"139","College of William and Mary",0.436419839820149,11720,1217,93,"No","Elite"
"140","College of Wooster",0.896666666666667,16240,553,69,"Yes","Not Elite"
"141","Colorado College",0.491736825693795,17142,490,84,"Yes","Elite"
"142","Colorado State University",0.665963283393121,8412,2194,59,"No","Not Elite"
"143","Columbia College MO",0.503184713375796,8294,132,37,"Yes","Not Elite"
"144","Columbia College",0.833107191316147,10425,242,76,"Yes","Not Elite"
"145","Columbia University",0.28567199526347,18624,871,99,"Yes","Elite"
"146","Concordia College at St. Paul",0.94661921708185,10500,139,45,"Yes","Not Elite"
"147","Concordia Lutheran College",0.931034482758621,6900,106,42,"Yes","Not Elite"
"148","Concordia University CA",0.722383720930233,10800,144,55,"Yes","Not Elite"
"149","Concordia University",0.763257575757576,9216,186,75,"Yes","Not Elite"
"150","Connecticut College",0.509390444810544,18740,438,91,"Yes","Not Elite"
"151","Converse College",0.925,12050,149,75,"Yes","Not Elite"
"152","Cornell College",0.864109232769831,15248,383,64,"Yes","Not Elite"
"153","Creighton University",0.955847657566566,10628,876,85,"Yes","Not Elite"
"154","Culver-Stockton College",0.704314720812183,8000,274,51,"Yes","Not Elite"
"155","Cumberland College",0.792964824120603,6230,398,63,"Yes","Not Elite"
"156","D'Youville College",0.714780600461894,8920,157,46,"Yes","Not Elite"
"157","Dana College",0.956349206349206,9130,185,54,"Yes","Not Elite"
"158","Daniel Webster College",0.868376068376068,12292,153,72,"Yes","Not Elite"
"159","Dartmouth College",0.264702457202748,19545,1087,98,"Yes","Elite"
"160","Davidson College",0.402865571007164,17295,452,94,"Yes","Elite"
"161","Defiance College",0.807355516637478,10850,174,56,"Yes","Not Elite"
"162","Delta State University",0.977249224405377,4528,459,58,"No","Not Elite"
"163","Denison University",0.825126719768284,16900,533,81,"Yes","Not Elite"
"164","DePauw University",0.83049147442327,14300,495,82,"Yes","Not Elite"
"165","Dickinson College",0.842402123424021,18700,487,87,"Yes","Not Elite"
"166","Dickinson State University",0.949308755760369,4486,319,46,"No","Not Elite"
"167","Dillard University",0.688688688688689,6700,651,61,"Yes","Not Elite"
"168","Doane College",0.894073139974779,9570,244,60,"Yes","Not Elite"
"169","Dominican College of Blauvelt",0.913888888888889,8310,108,54,"Yes","Not Elite"
"170","Dordt College",0.93046357615894,9800,328,87,"Yes","Not Elite"
"171","Dowling College",0.81998021760633,9000,410,42,"Yes","Not Elite"
"172","Drake University",0.919256877456234,13420,839,77,"Yes","Not Elite"
"173","Drew University",0.733859730608453,18432,321,83,"Yes","Elite"
"174","Drury College",0.928571428571429,8730,314,67,"Yes","Not Elite"
"175","Duke University",0.282326492131409,18590,1583,97,"Yes","Elite"
"176","Earlham College",0.74079528718704,15036,274,78,"Yes","Not Elite"
"177","East Carolina University",0.686003881820142,7248,2435,58,"No","Not Elite"
"178","East Tennessee State University",0.81981981981982,5800,1303,42,"No","Not Elite"
"179","East Texas Baptist University",0.899736147757256,4950,265,38,"Yes","Not Elite"
"180","Eastern College",0.805676855895197,11190,165,54,"Yes","Not Elite"
"181","Eastern Connecticut State University",0.687384898710866,5962,564,50,"No","Not Elite"
"182","Eastern Illinois University",0.759871359656959,5710,1565,76,"No","Not Elite"
"183","Eastern Mennonite College",0.905349794238683,9650,227,82,"Yes","Not Elite"
"184","Eastern Nazarene College",0.792635658914729,8770,200,70,"Yes","Not Elite"
"185","Eckerd College",0.779887482419128,15360,366,59,"Yes","Not Elite"
"186","Elizabethtown College",0.762515515101365,14190,426,81,"Yes","Not Elite"
"187","Elmira College",0.717227179135209,14990,345,64,"Yes","Not Elite"
"188","Elms College",0.848979591836735,11800,125,86,"Yes","Not Elite"
"189","Elon College",0.768763796909492,9100,858,63,"Yes","Not Elite"
"190","Embry Riddle Aeronautical University",0.82005712472231,7800,958,44,"Yes","Not Elite"
"191","Emory & Henry College",0.844444444444444,8578,226,82,"Yes","Not Elite"
"192","Emory University",0.490007053844345,17600,1236,96,"Yes","Elite"
"193","Emporia State University",1,5401,853,50,"No","Not Elite"
"194","Erskine College",0.845220030349014,10485,167,67,"Yes","Not Elite"
"195","Eureka College",0.810714285714286,10955,113,53,"Yes","Not Elite"
"196","Evergreen State College",0.611327040533037,6297,438,68,"No","Not Elite"
"197","Fairfield University",0.699414715719064,15000,781,94,"Yes","Not Elite"
"198","Fayetteville State University",0.73127147766323,6806,452,24,"No","Not Elite"
"199","Ferrum College",0.826736370425691,9400,336,22,"Yes","Not Elite"
"200","Flagler College",0.504593639575972,5120,338,69,"Yes","Not Elite"
"201","Florida Institute of Technology",0.81150487930149,13900,523,57,"Yes","Not Elite"
"202","Florida International University",0.628856624319419,6597,1071,66,"No","Not Elite"
"203","Florida Southern College",0.753077480086894,8025,374,68,"Yes","Not Elite"
"204","Florida State University",0.745257917775298,6680,3023,58,"No","Not Elite"
"205","Fontbonne College",0.84192439862543,8390,126,62,"Yes","Not Elite"
"206","Fordham University",0.684285714285714,14235,942,80,"Yes","Not Elite"
"207","Fort Lewis College",0.820639534883721,6198,1123,46,"No","Not Elite"
"208","Francis Marion University",0.918933925596891,5840,819,43,"No","Not Elite"
"209","Franciscan University of Steubenville",0.817359855334539,9650,228,83,"Yes","Not Elite"
"210","Franklin College",0.786069651741294,10390,281,60,"Yes","Not Elite"
"211","Franklin Pierce College",0.861962598804704,13320,446,51,"Yes","Not Elite"
"212","Freed-Hardeman University",0.612290502793296,5500,314,62,"Yes","Not Elite"
"213","Fresno Pacific College",0.791907514450867,9900,146,54,"Yes","Elite"
"214","Furman University",0.90282276723739,13440,685,82,"Yes","Elite"
"215","Gannon University",0.774350649350649,10970,678,65,"Yes","Not Elite"
"216","Gardner Webb University",0.837837837837838,8180,332,29,"Yes","Not Elite"
"217","Geneva College",0.79940119760479,9476,237,74,"Yes","Not Elite"
"218","George Fox College",0.897404202719407,12500,294,52,"Yes","Not Elite"
"219","George Mason University",0.765257385459048,10800,1727,46,"No","Not Elite"
"220","George Washington University",0.642793650793651,17450,1492,72,"Yes","Not Elite"
"221","Georgetown College",0.953232462173315,8100,286,55,"Yes","Not Elite"
"222","Georgetown University",0.259199280251912,18300,1390,95,"Yes","Elite"
"223","Georgia Institute of Technology",0.577644506826592,6489,2276,70,"No","Elite"
"224","Georgia State University",0.617189559715265,6744,1238,34,"No","Not Elite"
"225","Georgian Court College",0.807471264367816,9150,127,76,"Yes","Not Elite"
"226","Gettysburg College",0.685761957730812,19964,575,83,"Yes","Not Elite"
"227","Goldey Beacom College",0.739336492890995,6120,284,36,"Yes","Not Elite"
"228","Gonzaga University",0.808059384941676,13000,526,69,"Yes","Not Elite"
"229","Gordon College",0.838278931750742,12200,282,66,"Yes","Not Elite"
"230","Goshen College",0.9,9420,221,72,"Yes","Not Elite"
"231","Goucher College",0.706342311033884,15588,248,77,"Yes","Not Elite"
"232","Grace College and Seminary",0.781021897810219,8958,167,64,"Yes","Not Elite"
"233","Graceland College",0.745945945945946,9100,242,47,"Yes","Not Elite"
"234","Grand Valley State University",0.752565343659245,6108,1561,57,"No","Not Elite"
"235","Green Mountain College",0.805128205128205,11750,198,76,"Yes","Not Elite"
"236","Greensboro College",0.8125,8330,176,39,"Yes","Not Elite"
"237","Greenville College",0.758823529411765,10310,194,60,"Yes","Not Elite"
"238","Grinnell College",0.681216282491417,15688,432,83,"Yes","Elite"
"239","Grove City College",0.445604175030108,5224,573,100,"Yes","Elite"
"240","Guilford College",0.876871880199667,13404,326,65,"Yes","Not Elite"
"241","Gustavus Adolphus College",0.810415447630193,14125,634,80,"Yes","Not Elite"
"242","Gwynedd Mercy College",0.623684210526316,11000,104,96,"Yes","Not Elite"
"243","Hamilton College",0.567834394904459,19700,454,91,"Yes","Not Elite"
"244","Hamline University",0.820079522862823,13252,328,65,"Yes","Not Elite"
"245","Hampden - Sydney College",0.788249694002448,13218,307,69,"Yes","Not Elite"
"246","Hampton University",0.523126219002508,7161,1433,70,"Yes","Not Elite"
"247","Hanover College",0.832007952286282,8200,317,64,"Yes","Not Elite"
"248","Hardin-Simmons University",0.907922912205567,6300,350,38,"Yes","Not Elite"
"249","Harding University",0.620569436374201,5504,806,73,"Yes","Not Elite"
"250","Hartwick College",0.828132501200192,17480,430,73,"Yes","Not Elite"
"251","Harvard University",0.156148575549946,18485,1606,100,"Yes","Elite"
"252","Harvey Mudd College",0.415395787944808,17230,178,100,"Yes","Elite"
"253","Hastings College",0.866585067319461,9376,262,52,"Yes","Not Elite"
"254","Hendrix College",0.876063183475091,8800,274,63,"Yes","Elite"
"255","Hillsdale College",0.809782608695652,11090,347,79,"Yes","Not Elite"
"256","Hiram College",0.790672451193059,14067,244,79,"Yes","Not Elite"
"257","Hobart and William Smith Colleges",0.774181547619048,19029,500,79,"Yes","Not Elite"
"258","Hofstra University",0.788906838987614,11600,1349,60,"Yes","Not Elite"
"259","Hollins College",0.827242524916944,13470,215,72,"Yes","Not Elite"
"260","Hood College",0.80829756795422,13960,176,72,"Yes","Not Elite"
"261","Hope College",0.866238317757009,12275,624,72,"Yes","Not Elite"
"262","Houghton College",0.828240252897787,9990,302,67,"Yes","Not Elite"
"263","Huntingdon College",0.855263157894737,8080,127,44,"Yes","Not Elite"
"264","Huntington College",0.955555555555556,9950,125,47,"Yes","Not Elite"
"265","Huron University",0.328333333333333,7260,124,21,"Yes","Not Elite"
"266","Husson College",0.90179806362379,7800,361,84,"Yes","Not Elite"
"267","Illinois Benedictine College",0.919275123558484,10500,269,75,"Yes","Not Elite"
"268","Illinois College",0.880313199105145,8050,262,52,"Yes","Not Elite"
"269","Illinois Institute of Technology",0.774487471526196,14550,478,56,"Yes","Not Elite"
"270","Illinois State University",0.771224513304919,7799,2408,54,"No","Not Elite"
"271","Illinois Wesleyan University",0.44,14360,471,83,"Yes","Elite"
"272","Immaculata College",0.944029850746269,10000,103,69,"Yes","Not Elite"
"273","Incarnate Word College",0.797076526225279,8840,386,95,"Yes","Not Elite"
"274","Indiana State University",0.841314719915179,6892,3147,40,"No","Not Elite"
"275","Indiana University at Bloomington",0.798396334478809,9766,5873,68,"No","Not Elite"
"276","Indiana Wesleyan University",0.575510204081633,9210,366,34,"Yes","Not Elite"
"277","Iona College",0.721586263286999,10690,913,66,"Yes","Not Elite"
"278","Iowa State University",0.880977809422096,7550,3441,65,"No","Not Elite"
"279","Ithaca College",0.761261881801901,14424,1368,75,"Yes","Not Elite"
"280","James Madison University",0.470907956874276,7994,2082,98,"No","Not Elite"
"281","Jamestown College",0.86864406779661,7620,262,54,"Yes","Not Elite"
"282","Jersey City State College",0.481230977341901,3946,691,26,"No","Not Elite"
"283","John Brown University",0.669421487603306,6398,284,75,"Yes","Not Elite"
"284","John Carroll University",0.871127633209418,11700,820,89,"Yes","Not Elite"
"285","Johns Hopkins University",0.406655652584376,18800,911,90,"Yes","Elite"
"286","Johnson State College",0.8031212484994,7656,279,36,"No","Not Elite"
"287","Judson College",0.728434504792332,9414,137,56,"Yes","Not Elite"
"288","Juniata College",0.854726368159204,14850,298,80,"Yes","Not Elite"
"289","Kansas State University",0.693027210884354,6995,2833,54,"No","Not Elite"
"290","Kansas Wesleyan University",0.976230899830221,8400,148,68,"Yes","Not Elite"
"291","Keene State College",0.783723165652035,7870,822,61,"No","Not Elite"
"292","Kentucky Wesleyan College",0.851027397260274,8000,175,62,"Yes","Not Elite"
"293","Kenyon College",0.695298372513562,19240,408,88,"Yes","Not Elite"
"294","Keuka College",0.82646420824295,9600,174,51,"Yes","Not Elite"
"295","King's College",0.723214285714286,10910,381,87,"Yes","Not Elite"
"296","King College",0.845070422535211,8664,142,65,"Yes","Not Elite"
"297","Knox College",0.8125,15747,286,79,"Yes","Not Elite"
"298","La Roche College",0.889196675900277,8842,185,52,"Yes","Not Elite"
"299","La Salle University",0.626152270399454,12600,622,84,"Yes","Not Elite"
"300","Lafayette College",0.599002493765586,18730,572,92,"Yes","Not Elite"
"301","LaGrange College",0.733455882352941,6987,177,75,"Yes","Not Elite"
"302","Lake Forest College",0.651685393258427,16880,271,77,"Yes","Not Elite"
"303","Lakeland College",0.909456740442656,9400,231,57,"Yes","Not Elite"
"304","Lamar University",0.738441780821918,4752,1043,26,"No","Not Elite"
"305","Lambuth University",0.647412755716005,5170,224,60,"Yes","Not Elite"
"306","Lander University",0.865351629502573,4938,510,51,"No","Not Elite"
"307","Lawrence University",0.761866452131939,17163,324,77,"Yes","Not Elite"
"308","Le Moyne College",0.815646258503401,11040,425,94,"Yes","Not Elite"
"309","Lebanon Valley College",0.764790764790765,13850,320,85,"Yes","Not Elite"
"310","Lehigh University",0.672815382210411,18700,1092,91,"Yes","Not Elite"
"311","Lenoir-Rhyne College",0.758937691521961,10100,259,66,"Yes","Not Elite"
"312","Lesley College",0.811475409836066,11700,82,58,"Yes","Not Elite"
"313","LeTourneau University",0.874213836477987,8840,204,56,"Yes","Not Elite"
"314","Lewis and Clark College",0.754145638067772,15800,482,69,"Yes","Not Elite"
"315","Lewis University",0.909878682842288,10560,395,61,"Yes","Not Elite"
"316","Lincoln Memorial University",0.714104193138501,5950,363,53,"Yes","Not Elite"
"317","Lincoln University",0.657228915662651,4818,326,45,"No","Not Elite"
"318","Lindenwood College",0.597530864197531,9200,356,100,"Yes","Not Elite"
"319","Linfield College",0.761050608584241,13380,458,81,"Yes","Not Elite"
"320","Livingstone College",0.525555555555556,4400,217,92,"Yes","Not Elite"
"321","Lock Haven University of Pennsylvania",0.620448179271709,7352,651,63,"No","Not Elite"
"322","Longwood College",0.680742628321806,7920,724,62,"No","Not Elite"
"323","Loras College",0.781840341255332,11200,527,70,"Yes","Not Elite"
"324","Louisiana College",0.523099850968703,5150,212,59,"Yes","Not Elite"
"325","Louisiana State University at Baton Rouge",0.832721814543029,5925,3079,37,"No","Not Elite"
"326","Louisiana Tech University",0.894451397580309,3957,1525,45,"No","Not Elite"
"327","Loyola College",0.769627085377821,12990,738,80,"Yes","Not Elite"
"328","Loyola Marymount University",0.706475583864119,13592,753,84,"Yes","Not Elite"
"329","Loyola University",0.897937599153887,11100,719,53,"Yes","Not Elite"
"330","Loyola University Chicago",0.826767253422744,11500,868,65,"Yes","Not Elite"
"331","Luther College",0.89864428663654,13240,587,77,"Yes","Not Elite"
"332","Lycoming College",0.78149300155521,13900,363,72,"Yes","Not Elite"
"333","Lynchburg College",0.854214123006834,12450,366,70,"Yes","Not Elite"
"334","Lyndon State College",0.938317757009346,7320,223,51,"No","Not Elite"
"335","Macalester College",0.50901667233753,15909,452,77,"Yes","Elite"
"336","MacMurray College",0.754054054054054,9620,177,59,"Yes","Not Elite"
"337","Malone College",0.867276887871854,9858,428,55,"Yes","Not Elite"
"338","Manchester College",0.798804780876494,10440,239,64,"Yes","Not Elite"
"339","Manhattan College",0.711348684210526,12370,563,79,"Yes","Not Elite"
"340","Manhattanville College",0.77962577962578,14700,212,70,"Yes","Not Elite"
"341","Mankato State University",0.869508623494956,4300,1547,68,"No","Not Elite"
"342","Marian College of Fond du Lac",0.813106796116505,9400,337,59,"Yes","Not Elite"
"343","Marietta College",0.595903165735568,13850,342,96,"Yes","Not Elite"
"344","Marist College",0.670259987317692,10700,830,69,"Yes","Not Elite"
"345","Marquette University",0.892857142857143,11610,1685,77,"Yes","Not Elite"
"346","Marshall University",0.867486985328916,5094,2007,50,"Yes","Not Elite"
"347","Mary Baldwin College",0.88376753507014,11200,199,90,"Yes","Not Elite"
"348","Mary Washington College",0.500689655172414,6490,756,84,"No","Not Elite"
"349","Marymount College Tarrytown",0.684100418410042,11510,117,77,"Yes","Not Elite"
"350","Marymount Manhattan College",0.76978417266187,10200,239,68,"Yes","Not Elite"
"351","Marymount University",0.820403825717322,11390,214,55,"Yes","Not Elite"
"352","Maryville College",0.60655737704918,11200,176,51,"Yes","Not Elite"
"353","Maryville University",0.723132969034608,9250,169,61,"Yes","Not Elite"
"354","Marywood College",0.775971093044264,11040,323,66,"Yes","Not Elite"
"355","Massachusetts Institute of Technology",0.33380127905163,20100,1078,94,"Yes","Elite"
"356","Mayville State University",1,4486,153,51,"No","Not Elite"
"357","McKendree College",0.553892215568862,7680,119,52,"Yes","Not Elite"
"358","McMurry University",0.711072664359862,6930,187,32,"Yes","Not Elite"
"359","McPherson College",0.697619047619048,7950,93,48,"Yes","Not Elite"
"360","Mercer University",0.729658792650919,11985,564,91,"Yes","Not Elite"
"361","Mercyhurst College",0.689788053949904,9813,397,78,"Yes","Not Elite"
"362","Meredith College",0.900816802800467,6720,376,82,"Yes","Not Elite"
"363","Merrimack College",0.7778899545684,12500,514,80,"Yes","Not Elite"
"364","Mesa State College",0.919191919191919,5016,891,59,"No","Not Elite"
"365","Messiah College",0.793340987370838,10300,607,89,"Yes","Not Elite"
"366","Miami University at Oxford",0.842948371035826,8856,3290,85,"No","Not Elite"
"367","Michigan State University",0.833388539251408,10658,6180,71,"No","Not Elite"
"368","Michigan Technological University",0.873949579831933,8127,1032,65,"No","Not Elite"
"369","MidAmerica Nazarene College",1,6840,225,49,"Yes","Not Elite"
"370","Millersville University of Penn.",0.511562136083846,7844,960,71,"No","Not Elite"
"371","Milligan College",0.755737704918033,8200,189,64,"Yes","Not Elite"
"372","Millikin University",0.873268698060942,11910,456,75,"Yes","Not Elite"
"373","Millsaps College",0.921546961325967,11320,319,58,"Yes","Not Elite"
"374","Milwaukee School of Engineering",0.894001643385374,11505,496,67,"Yes","Not Elite"
"375","Mississippi College",0.648148148148148,5580,307,61,"Yes","Not Elite"
"376","Mississippi State University",0.770152761457109,9866,1609,53,"No","Not Elite"
"377","Mississippi University for Women",0.84375,4386,380,63,"No","Not Elite"
"378","Missouri Southern State College",0.841370558375635,3840,913,100,"No","Not Elite"
"379","Missouri Valley College",0.750381679389313,8550,316,27,"Yes","Not Elite"
"380","Monmouth College IL",0.8369384359401,13000,204,56,"Yes","Not Elite"
"381","Monmouth College",0.694865164388622,12480,478,54,"Yes","Not Elite"
"382","Montana College of Mineral Sci. & Tech.",0.951048951048951,6073,320,74,"No","Not Elite"
"383","Montana State University",0.810285714285714,5552,1779,37,"No","Not Elite"
"384","Montclair State University",0.407662835249042,3648,865,58,"No","Not Elite"
"385","Montreat-Anderson College",0.847908745247148,8438,103,15,"Yes","Not Elite"
"386","Moorhead State University",0.886158886158886,4426,1189,60,"No","Not Elite"
"387","Moravian College",0.775162337662338,14990,303,74,"Yes","Not Elite"
"388","Morehouse College",0.452535059331176,7050,722,83,"Yes","Not Elite"
"389","Morningside College",0.909556313993174,10520,239,56,"Yes","Not Elite"
"390","Morris College",0.827664399092971,4515,330,60,"Yes","Not Elite"
"391","Mount Holyoke College",0.73,19300,526,84,"Yes","Not Elite"
"392","Mount Marty College",0.989247311827957,6844,126,44,"Yes","Not Elite"
"393","Mount Mary College",0.923404255319149,8950,121,78,"Yes","Not Elite"
"394","Mount Mercy College",0.861413043478261,10500,159,64,"Yes","Not Elite"
"395","Mount Saint Clare College",0.873846153846154,9900,95,21,"Yes","Not Elite"
"396","Mount Saint Mary's College",0.877365632096896,12850,328,80,"Yes","Not Elite"
"397","Mount Saint Mary College",0.594017094017094,7470,238,88,"Yes","Not Elite"
"398","Mount St. Mary's College",0.817351598173516,12474,113,72,"Yes","Not Elite"
"399","Mount Union College",0.829007633587786,12250,458,81,"Yes","Not Elite"
"400","Mount Vernon Nazarene College",0.950980392156863,7400,334,58,"Yes","Not Elite"
"401","Muhlenberg College",0.728860658991663,16975,462,83,"Yes","Not Elite"
"402","Murray State University",0.858426966292135,4738,1190,52,"No","Not Elite"
"403","Muskingum College",0.831379621280433,13240,375,73,"Yes","Not Elite"
"404","National-Louis University",0.676413255360624,9090,279,71,"Yes","Not Elite"
"405","Nazareth College of Rochester",0.842661034846885,10850,266,61,"Yes","Not Elite"
"406","New Jersey Institute of Technology",0.647152740819585,8832,483,72,"No","Not Elite"
"407","New Mexico Institute of Mining and Tech.",0.763659466327827,5376,233,34,"No","Not Elite"
"408","New York University",0.532882153891423,17748,2505,71,"Yes","Elite"
"409","Newberry College",0.827981651376147,10194,154,83,"Yes","Not Elite"
"410","Niagara University",0.809009009009009,10320,467,65,"Yes","Elite"
"411","North Adams State College",0.64299424184261,5542,240,57,"No","Not Elite"
"412","North Carolina A. & T. State University",0.642337284258682,6806,1429,44,"No","Not Elite"
"413","North Carolina State University at Raleigh",0.664284370885838,8400,3176,62,"No","Not Elite"
"414","North Carolina Wesleyan College",0.848522167487685,8242,195,52,"Yes","Not Elite"
"415","North Central College",0.784383318544809,11718,308,76,"Yes","Not Elite"
"416","North Dakota State University",0.773921832884097,5834,1610,42,"No","Not Elite"
"417","North Park College",0.776344086021505,12580,176,74,"Yes","Not Elite"
"418","Northeast Missouri State University",0.757781456953642,4856,1620,76,"No","Not Elite"
"419","Northeastern University",0.713553482900597,13380,2517,46,"Yes","Not Elite"
"420","Northern Arizona University",0.837039551858768,6746,1973,41,"No","Not Elite"
"421","Northern Illinois University",0.674294787969363,7799,2397,56,"No","Not Elite"
"422","Northwest Missouri State University",0.928911689263466,3735,1257,54,"No","Not Elite"
"423","Northwest Nazarene College",0.834415584415584,9840,385,58,"Yes","Not Elite"
"424","Northwestern College",0.943023255813954,9900,366,68,"Yes","Not Elite"
"425","Northwestern University",0.423142647896493,16404,1902,92,"Yes","Elite"
"426","Norwich University",0.932300631095812,14134,626,63,"Yes","Not Elite"
"427","Notre Dame College",0.854881266490765,9990,107,33,"Yes","Not Elite"
"428","Oakland University",0.848733969089115,9114,1173,53,"No","Not Elite"
"429","Oberlin College",0.579112599413981,19670,678,83,"Yes","Not Elite"
"430","Occidental College",0.567555938037866,16560,370,79,"Yes","Elite"
"431","Oglethorpe University",0.819444444444444,12900,186,67,"Yes","Elite"
"432","Ohio Northern University",0.797683923705722,15990,669,83,"Yes","Not Elite"
"433","Ohio University",0.752789621700082,7629,3183,64,"No","Not Elite"
"434","Ohio Wesleyan University",0.776255707762557,16732,458,75,"Yes","Not Elite"
"435","Oklahoma Baptist University",0.898416886543536,5390,484,50,"Yes","Not Elite"
"436","Oklahoma Christian University",0.985824742268041,6400,351,45,"Yes","Not Elite"
"437","Oklahoma State University",0.865325077399381,5336,2181,48,"No","Not Elite"
"438","Otterbein College",0.80548128342246,12888,428,87,"Yes","Not Elite"
"439","Ouachita Baptist University",0.849450549450549,6530,450,65,"Yes","Not Elite"
"440","Our Lady of the Lake University",0.578856152512998,8530,295,37,"Yes","Not Elite"
"441","Pace University",0.45421511627907,11000,1522,62,"Yes","Not Elite"
"442","Pacific Lutheran University",0.868371802869619,13312,504,83,"Yes","Not Elite"
"443","Pacific Union College",0.71063829787234,11925,385,69,"Yes","Not Elite"
"444","Pacific University",0.900318133616119,14210,288,42,"Yes","Not Elite"
"445","Pembroke State University",0.819915254237288,6360,440,48,"No","Not Elite"
"446","Pennsylvania State Univ. Main Campus",0.535542324618172,10645,3450,63,"No","Not Elite"
"447","Pepperdine University",0.533106516618686,18200,680,66,"Yes","Elite"
"448","Peru State College",0.714693295292439,2580,458,44,"No","Not Elite"
"449","Pfeiffer College",0.776849642004773,8640,159,48,"Yes","Not Elite"
"450","Philadelphia Coll. of Textiles and Sci.",0.818595578673602,11690,468,68,"Yes","Not Elite"
"451","Phillips University",0.832369942196532,10500,174,39,"Yes","Not Elite"
"452","Piedmont College",0.847662141779789,5640,127,31,"Yes","Not Elite"
"453","Pikeville College",0.99009900990099,6000,169,61,"Yes","Not Elite"
"454","Pitzer College",0.556045895851721,17688,220,73,"Yes","Not Elite"
"455","Point Loma Nazarene College",0.849196538936959,10178,428,54,"Yes","Not Elite"
"456","Point Park College",0.850285714285714,9700,207,66,"Yes","Not Elite"
"457","Polytechnic University",0.748233215547703,16200,302,62,"Yes","Elite"
"458","Prairie View A. and M. University",0.928898128898129,4290,1061,35,"No","Not Elite"
"459","Presbyterian College",0.768946395563771,11859,302,85,"Yes","Not Elite"
"460","Princeton University",0.154486306551672,19900,1153,99,"Yes","Elite"
"461","Providence College",0.651099435687877,14400,973,96,"Yes","Not Elite"
"462","Purdue University at West Lafayette",0.859658778205834,9556,5874,67,"No","Not Elite"
"463","Queens College",0.75968992248062,11020,154,58,"Yes","Not Elite"
"464","Quincy University",0.689756097560976,10100,297,80,"Yes","Not Elite"
"465","Quinnipiac College",0.580010775862069,12030,806,86,"Yes","Not Elite"
"466","Radford University",0.858295334970186,6684,1742,62,"No","Not Elite"
"467","Ramapo College of New Jersey",0.458333333333333,4449,362,47,"No","Not Elite"
"468","Randolph-Macon College",0.748164878599661,13840,306,74,"Yes","Not Elite"
"469","Randolph-Macon Woman's College",0.885057471264368,13970,169,68,"Yes","Not Elite"
"470","Reed College",0.730417090539166,19960,327,68,"Yes","Not Elite"
"471","Regis College",0.901639344262295,12700,143,84,"Yes","Not Elite"
"472","Rensselaer Polytechnic Institute",0.833666933546838,17475,936,70,"Yes","Elite"
"473","Rhodes College",0.795395308427454,15200,391,77,"Yes","Elite"
"474","Rider University",0.675962074735081,13250,730,70,"Yes","Not Elite"
"475","Ripon College",0.853492333901193,15200,211,64,"Yes","Not Elite"
"476","Rivier College",0.797520661157025,9870,141,81,"Yes","Not Elite"
"477","Roanoke College",0.803771890435564,13425,437,72,"Yes","Not Elite"
"478","Rockhurst College",0.917647058823529,9490,345,79,"Yes","Not Elite"
"479","Rocky Mountain College",0.7,8734,270,68,"Yes","Not Elite"
"480","Roger Williams University",0.848668280871671,12520,679,61,"Yes","Not Elite"
"481","Rollins College",0.647720877884074,16425,382,90,"Yes","Not Elite"
"482","Rosary College",0.73963133640553,10950,141,81,"Yes","Not Elite"
"483","Rowan College of New Jersey",0.374607329842932,4356,695,51,"No","Not Elite"
"484","Rutgers at New Brunswick",0.547469538819811,7410,4520,77,"No","Not Elite"
"485","Rutgers State University at Camden",0.520499108734403,7411,232,57,"No","Not Elite"
"486","Rutgers State University at Newark",0.464995678478825,7410,499,58,"No","Not Elite"
"487","Sacred Heart University",0.82184655396619,11070,509,82,"Yes","Not Elite"
"488","Saint Ambrose University",0.800445930880713,10450,276,70,"Yes","Not Elite"
"489","Saint Anselm College",0.741288782816229,12950,514,97,"Yes","Not Elite"
"490","Saint Cloud State University",0.832535885167464,4259,1921,58,"No","Not Elite"
"491","Saint Francis College IN",0.779342723004695,8670,85,48,"Yes","Not Elite"
"492","Saint Francis College",0.787762906309751,10880,284,69,"Yes","Not Elite"
"493","Saint John's University",0.857449088960343,12247,444,70,"Yes","Not Elite"
"494","Saint Joseph's College IN",0.743478260869565,11200,225,67,"Yes","Not Elite"
"495","Saint Joseph's College",0.818727490996399,9985,217,85,"Yes","Not Elite"
"496","Saint Joseph's University",0.795156808257245,12750,776,83,"Yes","Not Elite"
"497","Saint Joseph College",0.825342465753425,12200,96,76,"Yes","Not Elite"
"498","Saint Louis University",0.866727383120826,11690,956,67,"Yes","Not Elite"
"499","Saint Mary's College",0.826576576576577,12730,393,98,"Yes","Not Elite"
"500","Saint Mary's College of Minnesota",0.915525114155251,10800,367,78,"Yes","Not Elite"
"501","Saint Mary-of-the-Woods College",0.866666666666667,10300,88,75,"Yes","Not Elite"
"502","Saint Michael's College",0.722513089005236,13030,463,84,"Yes","Not Elite"
"503","Saint Olaf College",0.744217081850534,14350,745,83,"Yes","Not Elite"
"504","Saint Peter's College",0.879825653798257,9408,530,53,"Yes","Not Elite"
"505","Saint Vincent College",0.85,10850,278,88,"Yes","Not Elite"
"506","Saint Xavier University",0.824203821656051,10860,295,55,"Yes","Not Elite"
"507","Salem-Teikyo University",0.785276073619632,10575,120,98,"Yes","Not Elite"
"508","Salem College",0.847761194029851,10475,132,60,"Yes","Not Elite"
"509","Salisbury State University",0.543168880455408,5130,736,56,"No","Not Elite"
"510","Samford University",0.830357142857143,8236,691,61,"Yes","Not Elite"
"511","San Diego State University",0.746649649010849,8384,2151,41,"No","Not Elite"
"512","Santa Clara University",0.691465538691217,13584,888,100,"Yes","Not Elite"
"513","Sarah Lawrence College",0.556521739130435,19300,263,83,"Yes","Elite"
"514","Savannah Coll. of Art and Design",0.620378719567178,8325,386,55,"Yes","Not Elite"
"515","Schreiner College",0.707191780821918,8955,131,52,"Yes","Not Elite"
"516","Scripps College",0.739181286549708,17238,139,73,"Yes","Elite"
"517","Seattle Pacific University",0.85883347421809,12669,411,66,"Yes","Not Elite"
"518","Seattle University",0.728132387706856,12825,494,89,"Yes","Not Elite"
"519","Seton Hall University",0.779064685314685,12000,1000,64,"Yes","Not Elite"
"520","Seton Hill College",0.848290598290598,11240,197,71,"Yes","Not Elite"
"521","Shippensburg University of Penn.",0.563939498109316,7844,1116,72,"No","Not Elite"
"522","Shorter College",0.824074074074074,7210,165,58,"Yes","Not Elite"
"523","Siena College",0.652482269503546,10800,628,100,"Yes","Not Elite"
"524","Siena Heights College",0.90301724137931,9240,183,47,"Yes","Not Elite"
"525","Simmons College",0.779661016949153,16160,295,79,"Yes","Not Elite"
"526","Simpson College",0.858267716535433,11250,300,70,"Yes","Not Elite"
"527","Sioux Falls College",0.91533180778032,8990,211,48,"Yes","Not Elite"
"528","Skidmore College",0.635453063126019,18710,591,81,"Yes","Not Elite"
"529","Smith College",0.546324786324786,18820,632,90,"Yes","Elite"
"530","South Dakota State University",0.922337014606341,3811,1701,67,"No","Not Elite"
"531","Southeast Missouri State University",0.819815870232354,4680,1408,45,"No","Not Elite"
"532","Southeastern Oklahoma State Univ.",0.855745721271394,3738,447,53,"No","Not Elite"
"533","Southern California College",0.883116883116883,9520,193,43,"Yes","Not Elite"
"534","Southern Illinois University at Edwardsville",0.864173228346457,5472,994,43,"No","Not Elite"
"535","Southern Methodist University",0.803301557777261,12772,1166,72,"Yes","Not Elite"
"536","Southwest Baptist University",1,7070,642,71,"Yes","Not Elite"
"537","Southwest Missouri State University",0.858777378228179,4740,3204,56,"No","Not Elite"
"538","Southwest State University",0.895893027698185,4285,511,51,"No","Not Elite"
"539","Southwestern Adventist College",0.990654205607477,7536,172,36,"Yes","Not Elite"
"540","Southwestern College",0.727699530516432,7200,75,52,"Yes","Not Elite"
"541","Southwestern University",0.733118971061093,11850,352,67,"Yes","Not Elite"
"542","Spalding University",0.710247349823322,8400,97,89,"Yes","Not Elite"
"543","Spelman College",0.333153784002155,7000,443,65,"Yes","Not Elite"
"544","Spring Arbor College",0.973118279569892,8600,181,49,"Yes","Not Elite"
"545","St. Bonaventure University",0.881799865681666,10456,375,78,"Yes","Not Elite"
"546","St. John's College",0.860681114551084,16150,122,64,"Yes","Not Elite"
"547","St. John Fisher College",0.777777777777778,10570,354,66,"Yes","Not Elite"
"548","St. Lawrence University",0.661096985107156,18720,505,85,"Yes","Not Elite"
"549","St. Martin's College",0.863874345549738,11550,63,40,"Yes","Not Elite"
"550","St. Mary's College of California",0.609534619750284,13332,465,78,"Yes","Not Elite"
"551","St. Mary's College of Maryland",0.51865671641791,6800,285,63,"No","Not Elite"
"552","St. Mary's University of San Antonio",0.82059533386967,8678,414,72,"Yes","Not Elite"
"553","St. Norbert College",0.931784107946027,12140,568,88,"Yes","Not Elite"
"554","St. Paul's College",0.89247311827957,5000,243,45,"Yes","Not Elite"
"555","St. Thomas Aquinas College",0.707317073170732,8650,215,67,"Yes","Not Elite"
"556","Stephens College",0.9,13900,194,59,"Yes","Not Elite"
"557","Stetson University",0.788053949903661,12315,489,73,"Yes","Not Elite"
"558","Stevens Institute of Technology",0.706447963800905,16900,380,79,"Yes","Elite"
"559","Stockton College of New Jersey",0.392883801940781,3040,710,64,"No","Not Elite"
"560","Stonehill College",0.630828304991772,12170,585,97,"Yes","Not Elite"
"561","SUNY at Albany",0.679923122412774,6550,1843,74,"No","Not Elite"
"562","SUNY at Binghamton",0.426329253958377,6550,1757,80,"No","Elite"
"563","SUNY at Buffalo",0.641598510539265,6550,3087,56,"No","Not Elite"
"564","SUNY at Stony Brook",0.556985294117647,6550,1724,57,"No","Not Elite"
"565","SUNY College  at Brockport",0.488620784206197,6550,904,49,"No","Not Elite"
"566","SUNY College  at Oswego",0.5695,6550,1464,63,"No","Not Elite"
"567","SUNY College at Buffalo",0.660962767957879,6550,1025,42,"No","Not Elite"
"568","SUNY College at Cortland",0.446120689655172,6550,1036,53,"No","Not Elite"
"569","SUNY College at Fredonia",0.5737133483699,6550,814,66,"No","Not Elite"
"570","SUNY College at Geneseo",0.530588508955571,6550,1143,76,"No","Elite"
"571","SUNY College at New Paltz",0.429694011191809,6550,656,53,"No","Not Elite"
"572","SUNY College at Plattsburgh",0.645701928275365,6550,853,65,"No","Not Elite"
"573","SUNY College at Potsdam",0.726666666666667,6840,650,59,"No","Not Elite"
"574","SUNY College at Purchase",0.596507786691836,6550,390,46,"No","Not Elite"
"575","Susquehanna University",0.721374045801527,16130,465,90,"Yes","Not Elite"
"576","Sweet Briar College",0.87012987012987,14500,146,61,"Yes","Not Elite"
"577","Syracuse University",0.692946454137635,15150,2442,67,"Yes","Not Elite"
"578","Tabor College",0.712062256809339,7850,109,53,"Yes","Not Elite"
"579","Talladega College",0.339827820570911,5666,335,46,"Yes","Not Elite"
"580","Taylor University",0.617297908422838,10965,437,98,"Yes","Not Elite"
"581","Tennessee Wesleyan College",0.78448275862069,7070,99,36,"Yes","Not Elite"
"582","Texas A&M Univ. at College Station",0.726751416332735,5130,6392,69,"No","Not Elite"
"583","Texas A&M University at Galveston",0.909262759924386,4860,243,43,"No","Not Elite"
"584","Texas Christian University",0.751892551892552,8490,1195,64,"Yes","Not Elite"
"585","Texas Lutheran College",0.851106639839034,7850,215,50,"Yes","Not Elite"
"586","Texas Southern University",0.746835443037975,7860,2604,10,"No","Not Elite"
"587","Texas Wesleyan University",0.846283783783784,6400,279,43,"Yes","Not Elite"
"588","The Citadel",0.828,7070,611,84,"No","Not Elite"
"589","Thiel College",0.824090121317158,11172,253,60,"Yes","Not Elite"
"590","Tiffin University",0.868639053254438,7600,254,39,"Yes","Not Elite"
"591","Transylvania University",0.960474308300395,10900,244,70,"Yes","Elite"
"592","Trenton State College",0.458548195160651,5391,944,81,"No","Elite"
"593","Tri-State University",0.873217115689382,9456,276,65,"Yes","Not Elite"
"594","Trinity College CT",0.587965990843689,18810,478,91,"Yes","Not Elite"
"595","Trinity College DC",0.765182186234818,11412,100,96,"Yes","Not Elite"
"596","Trinity College VT",0.833333333333333,11010,91,78,"Yes","Not Elite"
"597","Trinity University",0.749690721649485,12240,601,93,"Yes","Elite"
"598","Tulane University",0.728707521683492,19040,1223,74,"Yes","Not Elite"
"599","Tusculum College",0.594249201277955,7700,145,52,"Yes","Not Elite"
"600","Tuskegee University",0.80591089545655,6735,611,65,"Yes","Not Elite"
"601","Union College KY",0.793388429752066,7800,177,64,"Yes","Not Elite"
"602","Union College NY",0.489842632331903,18732,528,88,"Yes","Not Elite"
"603","Univ. of Wisconsin at OshKosh",0.604166666666667,6874,1515,56,"No","Not Elite"
"604","University of Alabama at Birmingham",0.701168614357262,4440,938,33,"No","Not Elite"
"605","University of Arkansas at Fayetteville",0.960741885625966,5028,2133,39,"No","Not Elite"
"606","University of California at Berkeley",0.415236753383988,11648,3215,78,"No","Elite"
"607","University of California at Irvine",0.686393171104599,12024,2478,66,"No","Elite"
"608","University of Central Florida",0.423561408531348,6618,1918,46,"No","Not Elite"
"609","University of Charleston",0.784457478005865,9500,204,57,"Yes","Not Elite"
"610","University of Chicago",0.472432262129805,18930,922,90,"Yes","Elite"
"611","University of Cincinnati",0.810065645514223,8907,2408,54,"No","Not Elite"
"612","University of Connecticut at Storrs",0.738263995891115,11656,2064,71,"No","Not Elite"
"613","University of Dallas",0.863436123348018,10760,246,63,"Yes","Not Elite"
"614","University of Dayton",0.832101870775035,11380,1507,93,"Yes","Not Elite"
"615","University of Delaware",0.727952374359684,10220,3252,75,"Yes","Not Elite"
"616","University of Denver",0.672831203765972,15192,580,67,"Yes","Not Elite"
"617","University of Detroit Mercy",0.78856526429342,11130,415,51,"Yes","Not Elite"
"618","University of Dubuque",0.96875,10430,137,45,"Yes","Not Elite"
"619","University of Evansville",0.775763358778626,11800,694,77,"Yes","Not Elite"
"620","University of Florida",0.710004017677782,7090,3623,66,"No","Elite"
"621","University of Georgia",0.701515151515152,5697,3320,63,"No","Not Elite"
"622","University of Hartford",0.795119071049006,14220,1194,66,"Yes","Not Elite"
"623","University of Hawaii at Manoa",0.727094972067039,4460,1627,54,"No","Not Elite"
"624","University of Illinois - Urbana",0.779971885668385,7560,5705,81,"No","Elite"
"625","University of Illinois at Chicago",0.683086832061069,7230,2710,34,"No","Not Elite"
"626","University of Indianapolis",0.858103564223268,11120,388,69,"Yes","Not Elite"
"627","University of Kansas",0.64821074717333,6994,3681,57,"No","Not Elite"
"628","University of La Verne",0.606762680025047,13540,226,47,"Yes","Not Elite"
"629","University of Louisville",0.639941385806992,6540,1823,31,"No","Not Elite"
"630","University of Maine at Farmington",0.664735099337748,6810,438,59,"No","Not Elite"
"631","University of Maine at Machias",0.836734693877551,6600,172,64,"No","Not Elite"
"632","University of Maine at Presque Isle",0.82646420824295,6600,235,35,"No","Not Elite"
"633","University of Maryland at Baltimore County",0.607636448817053,8594,985,55,"No","Not Elite"
"634","University of Maryland at College Park",0.7217324377274,8723,3409,63,"No","Not Elite"
"635","University of Massachusetts at Amherst",0.859814378722815,8566,3816,68,"No","Not Elite"
"636","University of Massachusetts at Dartmouth",0.775918733193905,6919,1006,56,"No","Not Elite"
"637","University of Miami",0.756248244875035,16500,1643,59,"Yes","Not Elite"
"638","University of Michigan at Ann Arbor",0.675647451963241,15732,4893,87,"No","Elite"
"639","University of Minnesota at Duluth",0.745706106870229,8828,1656,53,"No","Not Elite"
"640","University of Minnesota at Morris",0.599451303155007,9843,588,51,"No","Elite"
"641","University of Minnesota Twin Cities",0.5787045413425,8949,3524,45,"No","Not Elite"
"642","University of Mississippi",0.880072840790843,4916,1669,53,"No","Not Elite"
"643","University of Missouri at Columbia",0.70535442652875,9057,2940,58,"No","Not Elite"
"644","University of Missouri at Rolla",0.972828982418753,9057,823,49,"No","Not Elite"
"645","University of Missouri at Saint Louis",0.705191594561187,7246,479,48,"No","Not Elite"
"646","University of Mobile",0.732300884955752,6150,269,52,"Yes","Not Elite"
"647","University of Montevallo",0.660251665433013,4440,570,51,"No","Not Elite"
"648","University of Nebraska at Lincoln",0.95634857415963,5595,3526,53,"No","Not Elite"
"649","University of New England",0.620347394540943,11450,265,64,"Yes","Not Elite"
"650","University of New Hampshire",0.783589743589744,11180,2529,75,"No","Not Elite"
"651","University of North Carolina at Asheville",0.557199772339215,5972,394,37,"No","Not Elite"
"652","University of North Carolina at Chapel Hill",0.410043847629488,8400,3331,83,"No","Elite"
"653","University of North Carolina at Charlotte",0.765293813544718,7248,1730,62,"No","Not Elite"
"654","University of North Carolina at Greensboro",0.79637834713928,8677,1500,53,"No","Not Elite"
"655","University of North Carolina at Wilmington",0.635150716521166,7558,1449,55,"No","Not Elite"
"656","University of North Dakota",0.809866762693554,5634,1652,49,"No","Not Elite"
"657","University of North Florida",0.696111111111111,6634,560,47,"No","Not Elite"
"658","University of North Texas",0.619511090991399,4104,2049,35,"No","Not Elite"
"659","University of Northern Colorado",0.724593128390597,7731,1697,40,"No","Not Elite"
"660","University of Northern Iowa",0.815395752895753,6197,1853,77,"No","Not Elite"
"661","University of Notre Dame",0.480519480519481,16850,1906,97,"Yes","Elite"
"662","University of Oklahoma",0.837022981235505,5173,2233,44,"No","Not Elite"
"663","University of Oregon",0.779979144942649,10602,2546,54,"No","Not Elite"
"664","University of Pennsylvania",0.422139745037922,17020,2464,93,"Yes","Elite"
"665","University of Pittsburgh-Main Campus",0.74341952014908,10786,2503,66,"No","Not Elite"
"666","University of Portland",0.844709897610922,12040,419,72,"Yes","Not Elite"
"667","University of Puget Sound",0.698813056379822,16230,688,63,"Yes","Elite"
"668","University of Rhode Island",0.803795499325936,10330,1968,63,"No","Not Elite"
"669","University of Richmond",0.461303462321792,14500,756,100,"Yes","Not Elite"
"670","University of Rochester",0.627195984485512,17840,1243,80,"Yes","Elite"
"671","University of San Diego",0.695221148957804,13600,886,66,"Yes","Not Elite"
"672","University of San Francisco",0.746313963573287,13226,538,62,"Yes","Not Elite"
"673","University of Sci. and Arts of Oklahoma",0.982456140350877,3687,208,43,"No","Not Elite"
"674","University of Scranton",0.658018340416014,11584,910,92,"Yes","Not Elite"
"675","University of South Carolina at Aiken",0.660377358490566,5800,377,48,"No","Not Elite"
"676","University of South Carolina at Columbia",0.755881970622644,8074,2328,63,"No","Not Elite"
"677","University of South Florida",0.616154961127948,6760,1876,47,"No","Not Elite"
"678","University of Southern California",0.694905552375501,17230,2477,68,"Yes","Not Elite"
"679","University of Southern Colorado",0.884368308351178,7100,605,36,"No","Not Elite"
"680","University of Southern Indiana",0.896595208070618,4973,1292,38,"No","Not Elite"
"681","University of Southern Mississippi",0.71719298245614,4652,1046,45,"No","Not Elite"
"682","University of St. Thomas MN",0.878463782207098,11712,828,89,"Yes","Not Elite"
"683","University of St. Thomas TX",0.748663101604278,8550,185,62,"Yes","Not Elite"
"684","University of Tennessee at Knoxville",0.718854543021544,5764,3013,53,"No","Not Elite"
"685","University of Texas at Arlington",0.779945138677233,4422,1448,29,"No","Not Elite"
"686","University of Texas at Austin",0.648861171366594,5130,5329,65,"No","Not Elite"
"687","University of Texas at San Antonio",0.73511975337918,4104,1686,50,"No","Not Elite"
"688","University of the Arts",0.722792607802875,12520,290,57,"Yes","Not Elite"
"689","University of the Pacific",0.812118747458316,16320,582,65,"Yes","Not Elite"
"690","University of the South",0.668512110726644,15350,326,82,"Yes","Not Elite"
"691","University of Tulsa",0.90946261682243,11750,696,47,"Yes","Not Elite"
"692","University of Utah",0.881452404317959,6857,2400,37,"No","Not Elite"
"693","University of Vermont",0.784027143416417,15516,1735,79,"No","Not Elite"
"694","University of Virginia",0.339705975140387,12212,2678,95,"No","Elite"
"695","University of Washington",0.551023609694878,8199,3343,65,"No","Not Elite"
"696","University of West Florida",0.804878048780488,6172,472,53,"No","Not Elite"
"697","University of Wisconsin-Stout",0.758195140763594,6704,1030,65,"No","Not Elite"
"698","University of Wisconsin-Superior",1,7032,342,36,"No","Not Elite"
"699","University of Wisconsin-Whitewater",0.845227272727273,6950,1472,67,"No","Not Elite"
"700","University of Wisconsin at Green Bay",0.804898298048983,6900,759,46,"No","Not Elite"
"701","University of Wisconsin at Madison",0.733642037447151,9096,4631,72,"No","Not Elite"
"702","University of Wisconsin at Milwaukee",0.721205186880244,8786,1930,38,"No","Not Elite"
"703","University of Wyoming",0.747166091670774,5988,1073,45,"No","Not Elite"
"704","Upper Iowa University",0.681749622926094,8840,192,78,"Yes","Not Elite"
"705","Ursinus College",0.733380986418871,14900,308,79,"Yes","Not Elite"
"706","Ursuline College",0.8,9600,86,68,"Yes","Not Elite"
"707","Valley City State University",0.934782608695652,4286,212,40,"No","Not Elite"
"708","Valparaiso University",0.832289156626506,11800,520,95,"Yes","Not Elite"
"709","Vanderbilt University",0.601976639712489,17865,1499,83,"Yes","Elite"
"710","Vassar College",0.528732394366197,18920,653,90,"Yes","Elite"
"711","Villanova University",0.720195901533703,15925,1477,96,"Yes","Not Elite"
"712","Virginia Commonwealth University",0.704614144670562,10217,1567,45,"No","Not Elite"
"713","Virginia State University",0.814419225634179,5587,704,31,"No","Not Elite"
"714","Virginia Tech",0.745863034623218,10260,4277,73,"No","Not Elite"
"715","Virginia Union University",0.871683811586356,7384,453,30,"Yes","Not Elite"
"716","Virginia Wesleyan College",0.612244897959184,10900,287,68,"Yes","Not Elite"
"717","Viterbo College",0.800618238021638,9140,271,73,"Yes","Not Elite"
"718","Voorhees College",0.686689419795222,4450,188,58,"Yes","Not Elite"
"719","Wabash College",0.77875,12925,256,72,"Yes","Not Elite"
"720","Wagner College",0.71680790960452,13500,417,75,"Yes","Not Elite"
"721","Wake Forest University",0.42254018724607,13850,903,89,"Yes","Elite"
"722","Walsh University",0.815018315018315,8670,477,68,"Yes","Not Elite"
"723","Warren Wilson College",0.706818181818182,10000,112,63,"Yes","Not Elite"
"724","Wartburg College",0.872461413484972,11600,345,67,"Yes","Not Elite"
"725","Washington and Jefferson College",0.842911877394636,16260,334,86,"Yes","Not Elite"
"726","Washington and Lee University",0.330618401206636,13750,425,90,"Yes","Elite"
"727","Washington College",0.779156327543424,15276,214,65,"Yes","Not Elite"
"728","Washington State University",0.892813455657492,8200,2440,56,"No","Not Elite"
"729","Washington University",0.687091716749412,18350,1254,90,"Yes","Elite"
"730","Wayne State College",1,2700,724,52,"No","Not Elite"
"731","Waynesburg College",0.821848739495798,8840,324,63,"Yes","Not Elite"
"732","Webber College",0.510714285714286,5590,79,90,"Yes","Not Elite"
"733","Webster University",0.694736842105263,9160,226,48,"Yes","Not Elite"
"734","Wellesley College",0.431433506044905,18345,579,91,"Yes","Elite"
"735","Wells College",0.754716981132076,14900,130,69,"Yes","Not Elite"
"736","Wentworth Institute of Technology",0.849324324324324,9850,452,64,"Yes","Not Elite"
"737","Wesley College",0.823469387755102,9890,350,84,"Yes","Not Elite"
"738","Wesleyan University",0.413453478625314,19130,712,92,"Yes","Elite"
"739","West Chester University of Penn.",0.544294063365118,7844,1372,52,"No","Not Elite"
"740","West Liberty State College",0.912371134020619,4470,478,60,"No","Not Elite"
"741","West Virginia Wesleyan College",0.893997445721584,14200,483,67,"Yes","Not Elite"
"742","Western Carolina University",0.781327543424318,6390,1057,55,"No","Not Elite"
"743","Western Maryland College",0.816597510373444,14510,278,60,"Yes","Not Elite"
"744","Western Michigan University",0.784444202029017,6940,2738,55,"No","Not Elite"
"745","Western New England College",0.891515151515151,8994,409,59,"Yes","Not Elite"
"746","Western State College of Colorado",0.600666173205033,5918,604,52,"No","Not Elite"
"747","Western Washington University",0.642213410237924,8124,1549,61,"No","Not Elite"
"748","Westfield State College",0.693548387096774,5542,825,65,"No","Not Elite"
"749","Westminster College MO",0.835347432024169,10720,184,62,"Yes","Not Elite"
"750","Westminster College",0.869477911646586,12065,377,80,"Yes","Not Elite"
"751","Westminster College of Salt Lake City",0.785169029443839,8820,213,50,"Yes","Not Elite"
"752","Westmont College",0.750526315789474,14320,351,87,"No","Not Elite"
"753","Wheaton College IL",0.642458100558659,11480,548,85,"Yes","Elite"
"754","Westminster College PA",0.789988492520138,18460,417,71,"Yes","Not Elite"
"755","Wheeling Jesuit College",0.83610188261351,10500,213,72,"Yes","Not Elite"
"756","Whitman College",0.536270822138635,16670,359,72,"Yes","Not Elite"
"757","Whittier College",0.635930993456276,16249,344,52,"Yes","Not Elite"
"758","Whitworth College",0.826048171275647,12660,372,80,"Yes","Not Elite"
"759","Widener University",0.697522206638616,12350,502,63,"Yes","Not Elite"
"760","Wilkes University",0.877375843041079,11150,434,67,"Yes","Not Elite"
"761","Willamette University",0.800361881785283,14800,395,68,"Yes","Not Elite"
"762","William Jewell College",0.825037707390649,10060,315,59,"Yes","Not Elite"
"763","William Woods University",0.927505330490405,10535,227,52,"Yes","Not Elite"
"764","Williams College",0.297419971333015,19629,526,99,"Yes","Elite"
"765","Wilson College",0.778443113772455,11428,46,67,"Yes","Not Elite"
"766","Wingate College",0.820823244552058,7820,383,91,"Yes","Not Elite"
"767","Winona State University",0.615639097744361,4200,1301,58,"No","Not Elite"
"768","Winthrop University",0.77801724137931,6400,769,59,"No","Not Elite"
"769","Wisconsin Lutheran College",0.842105263157895,9100,75,50,"Yes","Not Elite"
"770","Wittenberg University",0.878726629610915,15948,575,78,"Yes","Not Elite"
"771","Wofford College",0.622918054630247,12680,273,75,"Yes","Elite"
"772","Worcester Polytechnic Institute",0.835982658959538,15884,682,82,"Yes","Not Elite"
"773","Worcester State College",0.689576695493855,6797,543,40,"No","Not Elite"
"774","Xavier University",0.921388463501787,11520,695,83,"Yes","Not Elite"
"775","Xavier University of Louisiana",0.913209346685741,6900,695,49,"Yes","Not Elite"
"776","Yale University",0.229145259224661,19840,1317,99,"Yes","Elite"
"777","York College of Pennsylvania",0.620608899297424,4990,691,99,"Yes","Not Elite"
